{ 
    "_id" : ObjectId("608bcb79c7023010bcdda3ec"), 
    "shipping_class" : [
        {
            "system" : NumberInt(0), 
            "_id" : ObjectId("608bcb79c7023010bcdda3ed"), 
            "name" : "Free Shipping", 
            "amount" : NumberInt(0)
        }, 
        {
            "system" : NumberInt(0), 
            "_id" : ObjectId("608bcb8fc7023010bcdda3ee"), 
            "name" : "shipping1", 
            "amount" : NumberInt(10)
        }
    ], 
    "date" : ISODate("2021-04-30T09:18:49.514+0000"), 
    "updated" : ISODate("2021-04-30T09:19:11.097+0000"), 
    "__v" : NumberInt(1)
}
